370,"Оформление квартиры в собственность, Жилищные услуги",https://mfc-spravka.ru/oformlenie-kvartiry-v-sobstvennost-v-mfc.html
371,"Согласование перепланировки, Жилищные услуги",https://mfc-spravka.ru/kak-uzakonit-pereplanirovku-cherez-mfc.html
372,"Приватизация квартиры, Жилищные услуги",https://mfc-spravka.ru/privatizaciya-kvartiry-cherez-mfc.html
373,"Оформление купли-продажи квартиры, Жилищные услуги",https://mfc-spravka.ru/kuplya-prodazha-kvartiry-cherez-mfc.html
374,"Дарственная на квартиру, Жилищные услуги",https://mfc-spravka.ru/kak-oformit-darstvennuyu-na-kvartiru-cherez-mfc.html
375,"Снятие обременения по ипотеке, Жилищные услуги",https://mfc-spravka.ru/snyatie-obremeneniya-s-kvartiry-po-ipoteke-v-mfc.html
376,"Субсидия на оплату ЖКХ, Жилищные услуги",https://mfc-spravka.ru/kak-oformit-subsidiyu-na-kommunalnye-uslugi-cherez-mfc.html
377,"Технический паспорт на квартиру, Жилищные услуги",https://mfc-spravka.ru/texnicheskij-pasport-na-kvartiru-cherez-mfc.html
378,"Поэтажный план и экспликация квартиры, Жилищные услуги",https://mfc-spravka.ru/poetazhnyj-plan-kvartiry-i-eksplikaciya-v-mfc.html
379,"Кадастровый паспорт, Жилищные услуги",https://mfc-spravka.ru/kadastrovyj-pasport-v-mfc.html
380,"Купля-продажа гаража, Жилищные услуги",https://mfc-spravka.ru/kuplya-prodazha-garazha-cherez-mfc.html
381,"Оформление машино-места, Жилищные услуги",https://mfc-spravka.ru/oformlenie-mashino-mesta-v-sobstvennost-v-mfc.html
382,"Регистрация договора аренды, Жилищные услуги",https://mfc-spravka.ru/registraciya-dogovora-arendy-v-mfc.html
383,"Разрешение на строительство, Жилищные услуги",https://mfc-spravka.ru/razreshenie-na-stroitelstvo-cherez-mfc.html
384,"Ввод дома в эксплуатацию, Жилищные услуги",https://mfc-spravka.ru/vvod-doma-v-ekspluataciyu-cherez-mfc.html
385,"Выписка из домовой книги, Справки и выписки",https://mfc-spravka.ru/vypiska-iz-domovoj-knigi-cherez-mfc.html
386,"Выписка из ЕГРН, Справки и выписки",https://mfc-spravka.ru/kak-poluchit-vypisku-iz-egrn-cherez-mfc.html
387,"Выписка из ЕГРП, Справки и выписки",https://mfc-spravka.ru/vypiska-iz-egrp-v-mfc.html
388,"Выписка из ЕГРЮЛ, Справки и выписки",https://mfc-spravka.ru/vypiska-iz-egryul-v-mfc.html
389,"Единый жилищный документ, Справки и выписки",https://mfc-spravka.ru/edinyj-zhilishhnyj-dokument-v-mfc.html
390,"Справка по форме № 7, Справки и выписки",https://mfc-spravka.ru/spravka-po-forme-7-cherez-mfc.html
391,"Справка об остатке маткапитала, Справки и выписки",https://mfc-spravka.ru/spravka-ob-ostatke-materinskogo-kapitala-cherez-mfc.html
392,"Справка – очередь на жилье, Справки и выписки",https://mfc-spravka.ru/spravka-ob-ocherednosti-predostavleniya-zhilya-cherez-mfc.html
393,"Справка на социальную стипендию, Справки и выписки",https://mfc-spravka.ru/spravka-na-socialnuyu-stipendiyu-cherez-mfc.html
394,"Справка о составе семьи, Справки и выписки",https://mfc-spravka.ru/spravka-o-sostave-semi-cherez-mfc.html
395,"Справка об отсутствии судимости, Справки и выписки",https://mfc-spravka.ru/spravka-ob-otsutstvii-sudimosti-v-mfc.html
396,"Справка о размере пенсии, Справки и выписки",https://mfc-spravka.ru/spravka-o-razmere-pensii-cherez-mfc.html
397,"Справка о наркотиках, Справки и выписки",https://mfc-spravka.ru/spravka-o-narkotikax-cherez-mfc.html
398,"Справка о ранее выданных паспортах, Справки и выписки",https://mfc-spravka.ru/spravka-o-ranee-vydannyx-pasportax-cherez-mfc.html
399,"Справка о доходах, Справки и выписки",https://mfc-spravka.ru/spravka-o-doxodax-v-mfc.html
400,"Справка – долги по коммуналке, Справки и выписки",https://mfc-spravka.ru/spravka-ob-otsutstvii-zadolzhennosti-po-kommunalnym-platezham-cherez-mfc.html
401,"Справка – неполучение детского пособия, Справки и выписки",https://mfc-spravka.ru/spravka-o-nepoluchenii-posobiya-pri-rozhdenii-rebenka-cherez-mfc.html
402,"Оформление детских пособий, Семья и дети",https://mfc-spravka.ru/detskoe-posobie-v-mfc.html
403,"Оформление материнского капитала, Семья и дети",https://mfc-spravka.ru/kak-oformit-materinskij-kapital-cherez-mfc.html
404,"Распоряжение маткапиталом, Семья и дети",https://mfc-spravka.ru/rasporyazhenie-materinskim-kapitalom-cherez-mfc.html
405,"Запись в детский сад, Семья и дети",https://mfc-spravka.ru/zapis-v-detskij-sad-cherez-mfc.html
406,"Запись ребенка в школу, Семья и дети",https://mfc-spravka.ru/zapis-v-shkolu-v-mfc.html
407,"Сертификат в лагерь, Семья и дети",https://mfc-spravka.ru/certifikat-v-lager-v-mfc.html
408,"Свидетельство о рождении, Семья и дети",https://mfc-spravka.ru/svidetelstvo-o-rozhdenii-v-mfc.html
409,"Свидетельство о смерти, Семья и дети",https://mfc-spravka.ru/svidetelstvo-o-smerti-v-mfc.html
410,"Удостоверение многодетной семьи, Семья и дети",https://mfc-spravka.ru/udostoverenie-mnogodetnoj-semi-v-mfc.html
411,"Подача на алименты, Семья и дети",https://mfc-spravka.ru/podat-na-alimenty-v-mfc.html
412,"Регистрация брака, Семья и дети",https://mfc-spravka.ru/zayavlenie-v-zags-cherez-mfc.html
413,"Расторжение брака, Семья и дети",https://mfc-spravka.ru/razvod-cherez-mfc.html
414,"Дубликат свидетельства о браке, Семья и дети",https://mfc-spravka.ru/dublikat-svidetelstva-o-brake-v-mfc.html
415,"Дубликат свидетельства о раст. брака, Семья и дети",https://mfc-spravka.ru/dublikat-svidetelstva-o-rastorzhenii-braka-cherez-mfc.html
416,"Дубликат свидетельства о рождении, Семья и дети",https://mfc-spravka.ru/dublikat-svidetelstva-o-rozhdenii-v-mfc.html
417,"Дубликат свидетельства о смерти, Семья и дети",https://mfc-spravka.ru/dublikat-svidetelstva-o-smerti-v-mfc.html
418,"Замена документов после замужества, Семья и дети",https://mfc-spravka.ru/zamena-dokumentov-v-mfc.html
419,"Смена фамилии, Семья и дети",https://mfc-spravka.ru/smena-familii-v-mfc.html
420,"Оформление пенсии по возрасту, Социальные услуги",https://mfc-spravka.ru/pensiya-po-starosti-cherez-mfc.html
421,"Оформление пенсии по инвалидности, Социальные услуги",https://mfc-spravka.ru/pensiya-po-invalidnosti-cherez-mfc.html
422,"Оформление пенсии по потере кормильца, Социальные услуги",https://mfc-spravka.ru/pensiya-po-potere-kormilca-cherez-mfc.html
423,"Перерасчет пенсии, Социальные услуги",https://mfc-spravka.ru/pereraschet-pensii-cherez-mfc.html
424,"Перевод пенсии на карту, Социальные услуги",https://mfc-spravka.ru/perevod-pensii-na-kartu-cherez-mfc.html
425,"Получение пенсионного удостоверения, Социальные услуги",https://mfc-spravka.ru/pensionnoe-udostoverenie-v-mfc.html
426,"Пособие на погребение, Социальные услуги",https://mfc-spravka.ru/posobie-na-pogrebenie-v-mfc.html
427,"Пособие при поствакцинальных осложн., Социальные услуги",https://mfc-spravka.ru/posobie-pri-vozniknovenii-postvakcinalnyx-oslozhnenij-cherez-mfc.html
428,"Пособие по безработице, Социальные услуги",https://mfc-spravka.ru/posobie-po-bezrabotice-v-mfc.html
429,"Удостоверение инвалида ВОВ, Социальные услуги",https://mfc-spravka.ru/udostoverenie-invalida-vov-v-mfc.html
430,"Оформление звания “ветеран труда”, Социальные услуги",https://mfc-spravka.ru/oformlenie-zvaniya-veteran-truda-v-mfc.html
431,"Медаль “Ветеран боевых действий”, Социальные услуги",https://mfc-spravka.ru/veteran-boevyx-dejstvij-v-mfc.html
432,"Социальная карта пенсионера, Социальные услуги",https://mfc-spravka.ru/socialnaya-karta-pensionera-cherez-mfc.html
433,"Социальная карта студента, Социальные услуги",https://mfc-spravka.ru/socialnaya-karta-studenta-cherez-mfc.html
434,"Социальная карта учащегося, Социальные услуги",https://mfc-spravka.ru/socialnaya-karta-uchashhegosya-cherez-mfc.html
435,"Детская карта в СПб, Социальные услуги",https://mfc-spravka.ru/oformlenie-detskoj-karty-cherez-mfc.html
436,"Социальная карта москвича, Социальные услуги",https://mfc-spravka.ru/oformlenie-socialnoj-karty-moskvicha-v-mfc.html
437,"Замена социальной карты москвича, Социальные услуги",https://mfc-spravka.ru/zamena-karty-moskvicha-cherez-mfc.html
438,"Пособие малоимущей семье, Социальные услуги",https://mfc-spravka.ru/oformlenie-posobiya-maloimushhim-semyam-cherez-mfc.html
439,"Материальная помощь, Социальные услуги",https://mfc-spravka.ru/materialnaya-pomoshh-maloimushhim-cherez-mfc.html
440,"Замена водительского удостоверения, Транспорт и вождение",https://mfc-spravka.ru/zamena-prav-v-mfc.html
441,"Получение международных прав, Транспорт и вождение",https://mfc-spravka.ru/kak-poluchit-mezhdunarodnye-prava-cherez-mfc.html
442,"Замена прав на маломерное судно, Транспорт и вождение",https://mfc-spravka.ru/zamena-prav-na-malomernoe-sudno-v-mfc.html
443,"Удостоверение тракториста-машиниста, Транспорт и вождение",https://mfc-spravka.ru/zamena-udostovereniya-traktorista-mashinista-v-mfc.html
444,"Оплата штрафов ГИБДД, Транспорт и вождение",https://mfc-spravka.ru/kak-oplatit-shtraf-gibdd-v-mfc.html
445,"Оформление инвалидности на авто, Транспорт и вождение",https://mfc-spravka.ru/poluchit-znak-invalid-na-avtomobil-v-mfc.html
446,"Регистрация автомобиля, Транспорт и вождение",https://mfc-spravka.ru/registraciya-avtomobilya-v-mfc.html
447,"Снятие автомобиля с учета, Транспорт и вождение",https://mfc-spravka.ru/mozhno-li-snyat-s-ucheta-mashinu-v-mfc.html
448,"Получение полиса ОСАГО, Транспорт и вождение",https://mfc-spravka.ru/polis-osago-v-mfc.html
449,"Замена ПТС, Транспорт и вождение",https://mfc-spravka.ru/zamena-pts-v-mfc.html
450,"Замена свидетельства о регистрации ТС, Транспорт и вождение",https://mfc-spravka.ru/zamena-svidetelstva-o-registracii-ts-v-mfc.html
451,"Карта водителя для тахографа, Транспорт и вождение",https://mfc-spravka.ru/karta-voditelya-cherez-mfc.html
452,"Запись на прием к врачу, Здоровье",https://mfc-spravka.ru/zapis-k-vrachu-cherez-mfc.html
453,"Получение полиса ОМС, Здоровье",https://mfc-spravka.ru/polis-oms-v-mfc.html
454,"Прикрепление к поликлинике, Здоровье",https://mfc-spravka.ru/prikreplenie-k-poliklinike-cherez-mfc.html
455,"Санаторно-курортное лечение, Здоровье",https://mfc-spravka.ru/putevka-v-sanatorij-cherez-mfc.html
456,"Прививка от гриппа, Здоровье",https://mfc-spravka.ru/privivka-ot-grippa-v-mfc.html
457,"Оформление инвалидности, Здоровье",https://mfc-spravka.ru/oformlenie-invalidnosti-cherez-mfc.html
458,"Снятие с регистрационного учета, Прописка и гражданство",https://mfc-spravka.ru/kak-vypisatsya-iz-kvartiry-cherez-mfc.html
459,"Оформление прописки, Прописка и гражданство",https://mfc-spravka.ru/propiska-cherez-mfc.html
460,"Регистрация иностранца по месту пребывания, Прописка и гражданство",https://mfc-spravka.ru/registraciya-inostranca-po-mestu-prebyvaniya-v-mfc.html
461,"Гражданство, Прописка и гражданство",https://mfc-spravka.ru/grazhdanstvo-v-mfc.html
462,"РВП и вид на жительство, Прописка и гражданство",https://mfc-spravka.ru/rvp-v-mfc.html
463,"Замена паспорта в 20 и 45 лет, Паспорт РФ и загранпаспорт",https://mfc-spravka.ru/zamena-pasporta-v-mfc-v-20-i-45-let.html
464,"Получение паспорта в 14 лет, Паспорт РФ и загранпаспорт",https://mfc-spravka.ru/kak-poluchit-pasport-v-14-let-v-mfc.html
465,"Вписать ребенка в паспорт, Паспорт РФ и загранпаспорт",https://mfc-spravka.ru/vpisat-rebenka-v-pasport-v-mfc.html
466,"Временное удостоверение личности, Паспорт РФ и загранпаспорт",https://mfc-spravka.ru/vremennoe-udostoverenie-lichnosti-v-mfc.html
467,"Оформление загранпаспорта, Паспорт РФ и загранпаспорт",https://mfc-spravka.ru/kak-oformit-zagranpasport-cherez-mfc.html
468,"Загранпаспорт для ребенка, Паспорт РФ и загранпаспорт",https://mfc-spravka.ru/kak-oformit-zagranpasport-rebenku-cherez-mfc.html
469,"Вписать ребенка в загранпаспорт, Паспорт РФ и загранпаспорт",https://mfc-spravka.ru/kak-vpisat-rebenka-v-zagranpasport-cherez-mfc.html
470,"Оформление визы, Паспорт РФ и загранпаспорт",https://mfc-spravka.ru/viza-cherez-mfc.html
471,"Оформление СНИЛС, ИНН и СНИЛС",https://mfc-spravka.ru/poluchit-snils-v-mfc.html
472,"Получение СНИЛС на ребенка, ИНН и СНИЛС",https://mfc-spravka.ru/kak-poluchit-snils-na-rebenka-cherez-mfc.html
473,"Восстановление СНИЛС при утере, ИНН и СНИЛС",https://mfc-spravka.ru/kak-vosstanovit-snils-cherez-mfc.html
474,"Поменять СНИЛС при смене фамилии, ИНН и СНИЛС",https://mfc-spravka.ru/kak-pomenyat-snils-pri-smene-familii-cherez-mfc.html
475,"Получение ИНН, ИНН и СНИЛС",https://mfc-spravka.ru/kak-poluchit-inn-v-mfc.html
476,"Восстановление ИНН, ИНН и СНИЛС",https://mfc-spravka.ru/vosstanovit-inn-v-mfc.html
477,"Поменять ИНН при смене фамилии, ИНН и СНИЛС",https://mfc-spravka.ru/kak-pomenyat-inn-pri-smene-familii-cherez-mfc.html
478,"Разрешение на оружие, Разрешения и лицензии",https://mfc-spravka.ru/razreshenie-na-oruzhie-cherez-mfc.html
479,"Лицензия на оружие, Разрешения и лицензии",https://mfc-spravka.ru/licenziya-na-oruzhie-cherez-mfc.html
480,"Охотничий билет, Разрешения и лицензии",https://mfc-spravka.ru/kak-poluchit-oxotnichij-bilet-v-mfc.html
481,"Путевка на охоту, Разрешения и лицензии",https://mfc-spravka.ru/kak-poluchit-putevku-na-oxotu-cherez-mfc.html
482,"Лицензия на алкоголь, Разрешения и лицензии",https://mfc-spravka.ru/licenziya-na-alkogol-cherez-mfc.html
483,"Лицензия на такси, Разрешения и лицензии",https://mfc-spravka.ru/licenziya-na-taksi-cherez-mfc.html
484,"Получение порубочного билета, Разрешения и лицензии",https://mfc-spravka.ru/poluchenie-porubochnogo-bileta-cherez-mfc.html
485,"Уплата налогов, Налоги и бизнес",https://mfc-spravka.ru/uplata-nalogov-v-mfc.html
486,"Узнать задолженность по налогам, Налоги и бизнес",https://mfc-spravka.ru/kak-uznat-zadolzhennost-po-nalogam-v-mfc.html
487,"Подача декларации 3-НДФЛ, Налоги и бизнес",https://mfc-spravka.ru/deklaraciya-3-ndfl-cherez-mfc.html
488,"Оформить налоговый вычет, Налоги и бизнес",https://mfc-spravka.ru/nalogovyj-vychet-cherez-mfc.html
489,"Регистрация ИП, Налоги и бизнес",https://mfc-spravka.ru/registraciya-ip-cherez-mfc.html
490,"Регистрация ООО, Налоги и бизнес",https://mfc-spravka.ru/registraciya-ooo-cherez-mfc.html
491,"Закрытие ИП, Налоги и бизнес",https://mfc-spravka.ru/zakrytie-ip-cherez-mfc.html
492,"Личный кабинет налогоплательщика, Налоги и бизнес",https://mfc-spravka.ru/lichnyj-kabinet-nalogoplatelshhika-cherez-mfc.html
