Question,Answer
"Оформление квартиры в собственность, Жилищные услуги","https://mfc-spravka.ru/oformlenie-kvartiry-v-sobstvennost-v-mfc.html[sep]Оформление квартиры в собственность, Жилищные услуги"
"Согласование перепланировки, Жилищные услуги","https://mfc-spravka.ru/kak-uzakonit-pereplanirovku-cherez-mfc.html[sep]Согласование перепланировки, Жилищные услуги"
"Приватизация квартиры, Жилищные услуги","https://mfc-spravka.ru/privatizaciya-kvartiry-cherez-mfc.html[sep]Приватизация квартиры, Жилищные услуги"
"Оформление купли-продажи квартиры, Жилищные услуги","https://mfc-spravka.ru/kuplya-prodazha-kvartiry-cherez-mfc.html[sep]Оформление купли-продажи квартиры, Жилищные услуги"
"Дарственная на квартиру, Жилищные услуги","https://mfc-spravka.ru/kak-oformit-darstvennuyu-na-kvartiru-cherez-mfc.html[sep]Дарственная на квартиру, Жилищные услуги"
"Снятие обременения по ипотеке, Жилищные услуги","https://mfc-spravka.ru/snyatie-obremeneniya-s-kvartiry-po-ipoteke-v-mfc.html[sep]Снятие обременения по ипотеке, Жилищные услуги"
"Субсидия на оплату ЖКХ, Жилищные услуги","https://mfc-spravka.ru/kak-oformit-subsidiyu-na-kommunalnye-uslugi-cherez-mfc.html[sep]Субсидия на оплату ЖКХ, Жилищные услуги"
"Технический паспорт на квартиру, Жилищные услуги","https://mfc-spravka.ru/texnicheskij-pasport-na-kvartiru-cherez-mfc.html[sep]Технический паспорт на квартиру, Жилищные услуги"
"Поэтажный план и экспликация квартиры, Жилищные услуги","https://mfc-spravka.ru/poetazhnyj-plan-kvartiry-i-eksplikaciya-v-mfc.html[sep]Поэтажный план и экспликация квартиры, Жилищные услуги"
"Кадастровый паспорт, Жилищные услуги","https://mfc-spravka.ru/kadastrovyj-pasport-v-mfc.html[sep]Кадастровый паспорт, Жилищные услуги"
"Купля-продажа гаража, Жилищные услуги","https://mfc-spravka.ru/kuplya-prodazha-garazha-cherez-mfc.html[sep]Купля-продажа гаража, Жилищные услуги"
"Оформление машино-места, Жилищные услуги","https://mfc-spravka.ru/oformlenie-mashino-mesta-v-sobstvennost-v-mfc.html[sep]Оформление машино-места, Жилищные услуги"
"Регистрация договора аренды, Жилищные услуги","https://mfc-spravka.ru/registraciya-dogovora-arendy-v-mfc.html[sep]Регистрация договора аренды, Жилищные услуги"
"Разрешение на строительство, Жилищные услуги","https://mfc-spravka.ru/razreshenie-na-stroitelstvo-cherez-mfc.html[sep]Разрешение на строительство, Жилищные услуги"
"Ввод дома в эксплуатацию, Жилищные услуги","https://mfc-spravka.ru/vvod-doma-v-ekspluataciyu-cherez-mfc.html[sep]Ввод дома в эксплуатацию, Жилищные услуги"
"Выписка из домовой книги, Справки и выписки","https://mfc-spravka.ru/vypiska-iz-domovoj-knigi-cherez-mfc.html[sep]Выписка из домовой книги, Справки и выписки"
"Выписка из ЕГРН, Справки и выписки","https://mfc-spravka.ru/kak-poluchit-vypisku-iz-egrn-cherez-mfc.html[sep]Выписка из ЕГРН, Справки и выписки"
"Выписка из ЕГРП, Справки и выписки","https://mfc-spravka.ru/vypiska-iz-egrp-v-mfc.html[sep]Выписка из ЕГРП, Справки и выписки"
"Выписка из ЕГРЮЛ, Справки и выписки","https://mfc-spravka.ru/vypiska-iz-egryul-v-mfc.html[sep]Выписка из ЕГРЮЛ, Справки и выписки"
"Единый жилищный документ, Справки и выписки","https://mfc-spravka.ru/edinyj-zhilishhnyj-dokument-v-mfc.html[sep]Единый жилищный документ, Справки и выписки"
"Справка по форме № 7, Справки и выписки","https://mfc-spravka.ru/spravka-po-forme-7-cherez-mfc.html[sep]Справка по форме № 7, Справки и выписки"
"Справка об остатке маткапитала, Справки и выписки","https://mfc-spravka.ru/spravka-ob-ostatke-materinskogo-kapitala-cherez-mfc.html[sep]Справка об остатке маткапитала, Справки и выписки"
"Справка – очередь на жилье, Справки и выписки","https://mfc-spravka.ru/spravka-ob-ocherednosti-predostavleniya-zhilya-cherez-mfc.html[sep]Справка – очередь на жилье, Справки и выписки"
"Справка на социальную стипендию, Справки и выписки","https://mfc-spravka.ru/spravka-na-socialnuyu-stipendiyu-cherez-mfc.html[sep]Справка на социальную стипендию, Справки и выписки"
"Справка о составе семьи, Справки и выписки","https://mfc-spravka.ru/spravka-o-sostave-semi-cherez-mfc.html[sep]Справка о составе семьи, Справки и выписки"
"Справка об отсутствии судимости, Справки и выписки","https://mfc-spravka.ru/spravka-ob-otsutstvii-sudimosti-v-mfc.html[sep]Справка об отсутствии судимости, Справки и выписки"
"Справка о размере пенсии, Справки и выписки","https://mfc-spravka.ru/spravka-o-razmere-pensii-cherez-mfc.html[sep]Справка о размере пенсии, Справки и выписки"
"Справка о наркотиках, Справки и выписки","https://mfc-spravka.ru/spravka-o-narkotikax-cherez-mfc.html[sep]Справка о наркотиках, Справки и выписки"
"Справка о ранее выданных паспортах, Справки и выписки","https://mfc-spravka.ru/spravka-o-ranee-vydannyx-pasportax-cherez-mfc.html[sep]Справка о ранее выданных паспортах, Справки и выписки"
"Справка о доходах, Справки и выписки","https://mfc-spravka.ru/spravka-o-doxodax-v-mfc.html[sep]Справка о доходах, Справки и выписки"
"Справка – долги по коммуналке, Справки и выписки","https://mfc-spravka.ru/spravka-ob-otsutstvii-zadolzhennosti-po-kommunalnym-platezham-cherez-mfc.html[sep]Справка – долги по коммуналке, Справки и выписки"
"Справка – неполучение детского пособия, Справки и выписки","https://mfc-spravka.ru/spravka-o-nepoluchenii-posobiya-pri-rozhdenii-rebenka-cherez-mfc.html[sep]Справка – неполучение детского пособия, Справки и выписки"
"Оформление детских пособий, Семья и дети","https://mfc-spravka.ru/detskoe-posobie-v-mfc.html[sep]Оформление детских пособий, Семья и дети"
"Оформление материнского капитала, Семья и дети","https://mfc-spravka.ru/kak-oformit-materinskij-kapital-cherez-mfc.html[sep]Оформление материнского капитала, Семья и дети"
"Распоряжение маткапиталом, Семья и дети","https://mfc-spravka.ru/rasporyazhenie-materinskim-kapitalom-cherez-mfc.html[sep]Распоряжение маткапиталом, Семья и дети"
"Запись в детский сад, Семья и дети","https://mfc-spravka.ru/zapis-v-detskij-sad-cherez-mfc.html[sep]Запись в детский сад, Семья и дети"
"Запись ребенка в школу, Семья и дети","https://mfc-spravka.ru/zapis-v-shkolu-v-mfc.html[sep]Запись ребенка в школу, Семья и дети"
"Сертификат в лагерь, Семья и дети","https://mfc-spravka.ru/certifikat-v-lager-v-mfc.html[sep]Сертификат в лагерь, Семья и дети"
"Свидетельство о рождении, Семья и дети","https://mfc-spravka.ru/svidetelstvo-o-rozhdenii-v-mfc.html[sep]Свидетельство о рождении, Семья и дети"
"Свидетельство о смерти, Семья и дети","https://mfc-spravka.ru/svidetelstvo-o-smerti-v-mfc.html[sep]Свидетельство о смерти, Семья и дети"
"Удостоверение многодетной семьи, Семья и дети","https://mfc-spravka.ru/udostoverenie-mnogodetnoj-semi-v-mfc.html[sep]Удостоверение многодетной семьи, Семья и дети"
"Подача на алименты, Семья и дети","https://mfc-spravka.ru/podat-na-alimenty-v-mfc.html[sep]Подача на алименты, Семья и дети"
"Регистрация брака, Семья и дети","https://mfc-spravka.ru/zayavlenie-v-zags-cherez-mfc.html[sep]Регистрация брака, Семья и дети"
"Расторжение брака, Семья и дети","https://mfc-spravka.ru/razvod-cherez-mfc.html[sep]Расторжение брака, Семья и дети"
"Дубликат свидетельства о браке, Семья и дети","https://mfc-spravka.ru/dublikat-svidetelstva-o-brake-v-mfc.html[sep]Дубликат свидетельства о браке, Семья и дети"
"Дубликат свидетельства о раст. брака, Семья и дети","https://mfc-spravka.ru/dublikat-svidetelstva-o-rastorzhenii-braka-cherez-mfc.html[sep]Дубликат свидетельства о раст. брака, Семья и дети"
"Дубликат свидетельства о рождении, Семья и дети","https://mfc-spravka.ru/dublikat-svidetelstva-o-rozhdenii-v-mfc.html[sep]Дубликат свидетельства о рождении, Семья и дети"
"Дубликат свидетельства о смерти, Семья и дети","https://mfc-spravka.ru/dublikat-svidetelstva-o-smerti-v-mfc.html[sep]Дубликат свидетельства о смерти, Семья и дети"
"Замена документов после замужества, Семья и дети","https://mfc-spravka.ru/zamena-dokumentov-v-mfc.html[sep]Замена документов после замужества, Семья и дети"
"Смена фамилии, Семья и дети","https://mfc-spravka.ru/smena-familii-v-mfc.html[sep]Смена фамилии, Семья и дети"
"Оформление пенсии по возрасту, Социальные услуги","https://mfc-spravka.ru/pensiya-po-starosti-cherez-mfc.html[sep]Оформление пенсии по возрасту, Социальные услуги"
"Оформление пенсии по инвалидности, Социальные услуги","https://mfc-spravka.ru/pensiya-po-invalidnosti-cherez-mfc.html[sep]Оформление пенсии по инвалидности, Социальные услуги"
"Оформление пенсии по потере кормильца, Социальные услуги","https://mfc-spravka.ru/pensiya-po-potere-kormilca-cherez-mfc.html[sep]Оформление пенсии по потере кормильца, Социальные услуги"
"Перерасчет пенсии, Социальные услуги","https://mfc-spravka.ru/pereraschet-pensii-cherez-mfc.html[sep]Перерасчет пенсии, Социальные услуги"
"Перевод пенсии на карту, Социальные услуги","https://mfc-spravka.ru/perevod-pensii-na-kartu-cherez-mfc.html[sep]Перевод пенсии на карту, Социальные услуги"
"Получение пенсионного удостоверения, Социальные услуги","https://mfc-spravka.ru/pensionnoe-udostoverenie-v-mfc.html[sep]Получение пенсионного удостоверения, Социальные услуги"
"Пособие на погребение, Социальные услуги","https://mfc-spravka.ru/posobie-na-pogrebenie-v-mfc.html[sep]Пособие на погребение, Социальные услуги"
"Пособие при поствакцинальных осложн., Социальные услуги","https://mfc-spravka.ru/posobie-pri-vozniknovenii-postvakcinalnyx-oslozhnenij-cherez-mfc.html[sep]Пособие при поствакцинальных осложн., Социальные услуги"
"Пособие по безработице, Социальные услуги","https://mfc-spravka.ru/posobie-po-bezrabotice-v-mfc.html[sep]Пособие по безработице, Социальные услуги"
"Удостоверение инвалида ВОВ, Социальные услуги","https://mfc-spravka.ru/udostoverenie-invalida-vov-v-mfc.html[sep]Удостоверение инвалида ВОВ, Социальные услуги"
"Оформление звания “ветеран труда”, Социальные услуги","https://mfc-spravka.ru/oformlenie-zvaniya-veteran-truda-v-mfc.html[sep]Оформление звания “ветеран труда”, Социальные услуги"
"Медаль “Ветеран боевых действий”, Социальные услуги","https://mfc-spravka.ru/veteran-boevyx-dejstvij-v-mfc.html[sep]Медаль “Ветеран боевых действий”, Социальные услуги"
"Социальная карта пенсионера, Социальные услуги","https://mfc-spravka.ru/socialnaya-karta-pensionera-cherez-mfc.html[sep]Социальная карта пенсионера, Социальные услуги"
"Социальная карта студента, Социальные услуги","https://mfc-spravka.ru/socialnaya-karta-studenta-cherez-mfc.html[sep]Социальная карта студента, Социальные услуги"
"Социальная карта учащегося, Социальные услуги","https://mfc-spravka.ru/socialnaya-karta-uchashhegosya-cherez-mfc.html[sep]Социальная карта учащегося, Социальные услуги"
"Детская карта в СПб, Социальные услуги","https://mfc-spravka.ru/oformlenie-detskoj-karty-cherez-mfc.html[sep]Детская карта в СПб, Социальные услуги"
"Социальная карта москвича, Социальные услуги","https://mfc-spravka.ru/oformlenie-socialnoj-karty-moskvicha-v-mfc.html[sep]Социальная карта москвича, Социальные услуги"
"Замена социальной карты москвича, Социальные услуги","https://mfc-spravka.ru/zamena-karty-moskvicha-cherez-mfc.html[sep]Замена социальной карты москвича, Социальные услуги"
"Пособие малоимущей семье, Социальные услуги","https://mfc-spravka.ru/oformlenie-posobiya-maloimushhim-semyam-cherez-mfc.html[sep]Пособие малоимущей семье, Социальные услуги"
"Материальная помощь, Социальные услуги","https://mfc-spravka.ru/materialnaya-pomoshh-maloimushhim-cherez-mfc.html[sep]Материальная помощь, Социальные услуги"
"Замена водительского удостоверения, Транспорт и вождение","https://mfc-spravka.ru/zamena-prav-v-mfc.html[sep]Замена водительского удостоверения, Транспорт и вождение"
"Получение международных прав, Транспорт и вождение","https://mfc-spravka.ru/kak-poluchit-mezhdunarodnye-prava-cherez-mfc.html[sep]Получение международных прав, Транспорт и вождение"
"Замена прав на маломерное судно, Транспорт и вождение","https://mfc-spravka.ru/zamena-prav-na-malomernoe-sudno-v-mfc.html[sep]Замена прав на маломерное судно, Транспорт и вождение"
"Удостоверение тракториста-машиниста, Транспорт и вождение","https://mfc-spravka.ru/zamena-udostovereniya-traktorista-mashinista-v-mfc.html[sep]Удостоверение тракториста-машиниста, Транспорт и вождение"
"Оплата штрафов ГИБДД, Транспорт и вождение","https://mfc-spravka.ru/kak-oplatit-shtraf-gibdd-v-mfc.html[sep]Оплата штрафов ГИБДД, Транспорт и вождение"
"Оформление инвалидности на авто, Транспорт и вождение","https://mfc-spravka.ru/poluchit-znak-invalid-na-avtomobil-v-mfc.html[sep]Оформление инвалидности на авто, Транспорт и вождение"
"Регистрация автомобиля, Транспорт и вождение","https://mfc-spravka.ru/registraciya-avtomobilya-v-mfc.html[sep]Регистрация автомобиля, Транспорт и вождение"
"Снятие автомобиля с учета, Транспорт и вождение","https://mfc-spravka.ru/mozhno-li-snyat-s-ucheta-mashinu-v-mfc.html[sep]Снятие автомобиля с учета, Транспорт и вождение"
"Получение полиса ОСАГО, Транспорт и вождение","https://mfc-spravka.ru/polis-osago-v-mfc.html[sep]Получение полиса ОСАГО, Транспорт и вождение"
"Замена ПТС, Транспорт и вождение","https://mfc-spravka.ru/zamena-pts-v-mfc.html[sep]Замена ПТС, Транспорт и вождение"
"Замена свидетельства о регистрации ТС, Транспорт и вождение","https://mfc-spravka.ru/zamena-svidetelstva-o-registracii-ts-v-mfc.html[sep]Замена свидетельства о регистрации ТС, Транспорт и вождение"
"Карта водителя для тахографа, Транспорт и вождение","https://mfc-spravka.ru/karta-voditelya-cherez-mfc.html[sep]Карта водителя для тахографа, Транспорт и вождение"
"Запись на прием к врачу, Здоровье","https://mfc-spravka.ru/zapis-k-vrachu-cherez-mfc.html[sep]Запись на прием к врачу, Здоровье"
"Получение полиса ОМС, Здоровье","https://mfc-spravka.ru/polis-oms-v-mfc.html[sep]Получение полиса ОМС, Здоровье"
"Прикрепление к поликлинике, Здоровье","https://mfc-spravka.ru/prikreplenie-k-poliklinike-cherez-mfc.html[sep]Прикрепление к поликлинике, Здоровье"
"Санаторно-курортное лечение, Здоровье","https://mfc-spravka.ru/putevka-v-sanatorij-cherez-mfc.html[sep]Санаторно-курортное лечение, Здоровье"
"Прививка от гриппа, Здоровье","https://mfc-spravka.ru/privivka-ot-grippa-v-mfc.html[sep]Прививка от гриппа, Здоровье"
"Оформление инвалидности, Здоровье","https://mfc-spravka.ru/oformlenie-invalidnosti-cherez-mfc.html[sep]Оформление инвалидности, Здоровье"
"Снятие с регистрационного учета, Прописка и гражданство","https://mfc-spravka.ru/kak-vypisatsya-iz-kvartiry-cherez-mfc.html[sep]Снятие с регистрационного учета, Прописка и гражданство"
"Оформление прописки, Прописка и гражданство","https://mfc-spravka.ru/propiska-cherez-mfc.html[sep]Оформление прописки, Прописка и гражданство"
"Регистрация иностранца по месту пребывания, Прописка и гражданство","https://mfc-spravka.ru/registraciya-inostranca-po-mestu-prebyvaniya-v-mfc.html[sep]Регистрация иностранца по месту пребывания, Прописка и гражданство"
"Гражданство, Прописка и гражданство","https://mfc-spravka.ru/grazhdanstvo-v-mfc.html[sep]Гражданство, Прописка и гражданство"
"РВП и вид на жительство, Прописка и гражданство","https://mfc-spravka.ru/rvp-v-mfc.html[sep]РВП и вид на жительство, Прописка и гражданство"
"Замена паспорта в 20 и 45 лет, Паспорт РФ и загранпаспорт","https://mfc-spravka.ru/zamena-pasporta-v-mfc-v-20-i-45-let.html[sep]Замена паспорта в 20 и 45 лет, Паспорт РФ и загранпаспорт"
"Получение паспорта в 14 лет, Паспорт РФ и загранпаспорт","https://mfc-spravka.ru/kak-poluchit-pasport-v-14-let-v-mfc.html[sep]Получение паспорта в 14 лет, Паспорт РФ и загранпаспорт"
"Вписать ребенка в паспорт, Паспорт РФ и загранпаспорт","https://mfc-spravka.ru/vpisat-rebenka-v-pasport-v-mfc.html[sep]Вписать ребенка в паспорт, Паспорт РФ и загранпаспорт"
"Временное удостоверение личности, Паспорт РФ и загранпаспорт","https://mfc-spravka.ru/vremennoe-udostoverenie-lichnosti-v-mfc.html[sep]Временное удостоверение личности, Паспорт РФ и загранпаспорт"
"Оформление загранпаспорта, Паспорт РФ и загранпаспорт","https://mfc-spravka.ru/kak-oformit-zagranpasport-cherez-mfc.html[sep]Оформление загранпаспорта, Паспорт РФ и загранпаспорт"
"Загранпаспорт для ребенка, Паспорт РФ и загранпаспорт","https://mfc-spravka.ru/kak-oformit-zagranpasport-rebenku-cherez-mfc.html[sep]Загранпаспорт для ребенка, Паспорт РФ и загранпаспорт"
"Вписать ребенка в загранпаспорт, Паспорт РФ и загранпаспорт","https://mfc-spravka.ru/kak-vpisat-rebenka-v-zagranpasport-cherez-mfc.html[sep]Вписать ребенка в загранпаспорт, Паспорт РФ и загранпаспорт"
"Оформление визы, Паспорт РФ и загранпаспорт","https://mfc-spravka.ru/viza-cherez-mfc.html[sep]Оформление визы, Паспорт РФ и загранпаспорт"
"Оформление СНИЛС, ИНН и СНИЛС","https://mfc-spravka.ru/poluchit-snils-v-mfc.html[sep]Оформление СНИЛС, ИНН и СНИЛС"
"Получение СНИЛС на ребенка, ИНН и СНИЛС","https://mfc-spravka.ru/kak-poluchit-snils-na-rebenka-cherez-mfc.html[sep]Получение СНИЛС на ребенка, ИНН и СНИЛС"
"Восстановление СНИЛС при утере, ИНН и СНИЛС","https://mfc-spravka.ru/kak-vosstanovit-snils-cherez-mfc.html[sep]Восстановление СНИЛС при утере, ИНН и СНИЛС"
"Поменять СНИЛС при смене фамилии, ИНН и СНИЛС","https://mfc-spravka.ru/kak-pomenyat-snils-pri-smene-familii-cherez-mfc.html[sep]Поменять СНИЛС при смене фамилии, ИНН и СНИЛС"
"Получение ИНН, ИНН и СНИЛС","https://mfc-spravka.ru/kak-poluchit-inn-v-mfc.html[sep]Получение ИНН, ИНН и СНИЛС"
"Восстановление ИНН, ИНН и СНИЛС","https://mfc-spravka.ru/vosstanovit-inn-v-mfc.html[sep]Восстановление ИНН, ИНН и СНИЛС"
"Поменять ИНН при смене фамилии, ИНН и СНИЛС","https://mfc-spravka.ru/kak-pomenyat-inn-pri-smene-familii-cherez-mfc.html[sep]Поменять ИНН при смене фамилии, ИНН и СНИЛС"
"Разрешение на оружие, Разрешения и лицензии","https://mfc-spravka.ru/razreshenie-na-oruzhie-cherez-mfc.html[sep]Разрешение на оружие, Разрешения и лицензии"
"Лицензия на оружие, Разрешения и лицензии","https://mfc-spravka.ru/licenziya-na-oruzhie-cherez-mfc.html[sep]Лицензия на оружие, Разрешения и лицензии"
"Охотничий билет, Разрешения и лицензии","https://mfc-spravka.ru/kak-poluchit-oxotnichij-bilet-v-mfc.html[sep]Охотничий билет, Разрешения и лицензии"
"Путевка на охоту, Разрешения и лицензии","https://mfc-spravka.ru/kak-poluchit-putevku-na-oxotu-cherez-mfc.html[sep]Путевка на охоту, Разрешения и лицензии"
"Лицензия на алкоголь, Разрешения и лицензии","https://mfc-spravka.ru/licenziya-na-alkogol-cherez-mfc.html[sep]Лицензия на алкоголь, Разрешения и лицензии"
"Лицензия на такси, Разрешения и лицензии","https://mfc-spravka.ru/licenziya-na-taksi-cherez-mfc.html[sep]Лицензия на такси, Разрешения и лицензии"
"Получение порубочного билета, Разрешения и лицензии","https://mfc-spravka.ru/poluchenie-porubochnogo-bileta-cherez-mfc.html[sep]Получение порубочного билета, Разрешения и лицензии"
"Уплата налогов, Налоги и бизнес","https://mfc-spravka.ru/uplata-nalogov-v-mfc.html[sep]Уплата налогов, Налоги и бизнес"
"Узнать задолженность по налогам, Налоги и бизнес","https://mfc-spravka.ru/kak-uznat-zadolzhennost-po-nalogam-v-mfc.html[sep]Узнать задолженность по налогам, Налоги и бизнес"
"Подача декларации 3-НДФЛ, Налоги и бизнес","https://mfc-spravka.ru/deklaraciya-3-ndfl-cherez-mfc.html[sep]Подача декларации 3-НДФЛ, Налоги и бизнес"
"Оформить налоговый вычет, Налоги и бизнес","https://mfc-spravka.ru/nalogovyj-vychet-cherez-mfc.html[sep]Оформить налоговый вычет, Налоги и бизнес"
"Регистрация ИП, Налоги и бизнес","https://mfc-spravka.ru/registraciya-ip-cherez-mfc.html[sep]Регистрация ИП, Налоги и бизнес"
"Регистрация ООО, Налоги и бизнес","https://mfc-spravka.ru/registraciya-ooo-cherez-mfc.html[sep]Регистрация ООО, Налоги и бизнес"
"Закрытие ИП, Налоги и бизнес","https://mfc-spravka.ru/zakrytie-ip-cherez-mfc.html[sep]Закрытие ИП, Налоги и бизнес"
"Личный кабинет налогоплательщика, Налоги и бизнес","https://mfc-spravka.ru/lichnyj-kabinet-nalogoplatelshhika-cherez-mfc.html[sep]Личный кабинет налогоплательщика, Налоги и бизнес"
